codigo_tuss;termo;modelo;fabricante;inicio_vigencia;fim_vigencia;fim_implantacao;registro_anvisa;classe_risco
78198259;Debridador;NÃO SE APLICA;NÃO SE APLICA;2019-06-01;;2020-02-29;NÃO SE APLICA;NÃO SE APLICA
78198267;Dentes Artificiais;NÃO SE APLICA;NÃO SE APLICA;2019-06-01;;2020-02-29;NÃO SE APLICA;NÃO SE APLICA
71446974;DESFIBRILADOR IMPLANTÁVEL DE CÂMARA DUPLA;NÃO SE APLICA;NÃO SE APLICA;2016-10-01;;2016-12-31;NÃO SE APLICA;NÃO SE APLICA
71446982;DESFIBRILADOR IMPLANTÁVEL DE CÂMARA ÚNICA;NÃO SE APLICA;NÃO SE APLICA;2016-10-01;;2016-12-31;NÃO SE APLICA;NÃO SE APLICA
71446990;DESFIBRILADOR IMPLANTÁVEL PARA TERAPIA DE RESSINCRONIZAÇÃO CARDÍACA;NÃO SE APLICA;NÃO SE APLICA;2016-10-01;;2016-12-31;NÃO SE APLICA;NÃO SE APLICA
78198275;Dialisadores;NÃO SE APLICA;NÃO SE APLICA;2019-06-01;;2020-02-29;NÃO SE APLICA;NÃO SE APLICA
78198283;Dilatador Nasal;NÃO SE APLICA;NÃO SE APLICA;2019-06-01;;2020-02-29;NÃO SE APLICA;NÃO SE APLICA
78198291;Dilatador Para Cateter;NÃO SE APLICA;NÃO SE APLICA;2019-06-01;;2020-02-29;NÃO SE APLICA;NÃO SE APLICA
78198305;Dilatador Vascular;NÃO SE APLICA;NÃO SE APLICA;2019-06-01;;2020-02-29;NÃO SE APLICA;NÃO SE APLICA
78198313;Dilatadores;NÃO SE APLICA;NÃO SE APLICA;2019-06-01;;2020-02-29;NÃO SE APLICA;NÃO SE APLICA
78198321;Dilatadores Esofagicos;NÃO SE APLICA;NÃO SE APLICA;2019-06-01;;2020-02-29;NÃO SE APLICA;NÃO SE APLICA
78198330;Dique de Borracha Odontologico;NÃO SE APLICA;NÃO SE APLICA;2019-06-01;;2020-02-29;NÃO SE APLICA;NÃO SE APLICA
78196086;Disco Cirurgico;NÃO SE APLICA;NÃO SE APLICA;2019-06-01;;2020-02-29;NÃO SE APLICA;NÃO SE APLICA
78198348;DISCO DE LIXA PARA ACABAMENTO E POLIMENTO;NÃO SE APLICA;NÃO SE APLICA;2019-06-01;;2020-02-29;NÃO SE APLICA;NÃO SE APLICA
102354618;Discos de Borracha Odontologicos;NÃO SE APLICA;NÃO SE APLICA;2023-10-01;;2023-12-31;NÃO SE APLICA;NÃO SE APLICA
78198356;Discos Diamantados;NÃO SE APLICA;NÃO SE APLICA;2019-06-01;;2020-02-29;NÃO SE APLICA;NÃO SE APLICA
72023155;DISPENSADOR DE CIMENTO ORTOPÉDICO;NÃO SE APLICA;NÃO SE APLICA;2017-04-10;;2017-07-09;NÃO SE APLICA;NÃO SE APLICA
77381890;Dispositivo de adaptação bipolar para artroplastia de quadril;NÃO SE APLICA;NÃO SE APLICA;2019-03-01;;2020-02-29;NÃO SE APLICA;NÃO SE APLICA
78198364;Dispositivo de ajuste de válvula para hidrocefalia;NÃO SE APLICA;NÃO SE APLICA;2019-06-01;;2020-02-29;NÃO SE APLICA;NÃO SE APLICA
78198372;Dispositivo de alimentação enteral por balão;NÃO SE APLICA;NÃO SE APLICA;2019-06-01;;2020-02-29;NÃO SE APLICA;NÃO SE APLICA
78198380;Dispositivo de Assistencia Ventricular;NÃO SE APLICA;NÃO SE APLICA;2019-06-01;;2020-02-29;NÃO SE APLICA;NÃO SE APLICA
77381424;Dispositivo de Embolizacao Artificial;NÃO SE APLICA;NÃO SE APLICA;2019-03-01;;2020-02-29;NÃO SE APLICA;NÃO SE APLICA
77381327;Dispositivo de espaçamento intersomático de substituição corpo-discal;NÃO SE APLICA;NÃO SE APLICA;2019-03-01;;2020-02-29;NÃO SE APLICA;NÃO SE APLICA
77380908;Dispositivo de espaçamento intersomático de substituição discal;NÃO SE APLICA;NÃO SE APLICA;2019-03-01;;2020-02-29;NÃO SE APLICA;NÃO SE APLICA
78198399;Dispositivo de Extracao de Calculos;NÃO SE APLICA;NÃO SE APLICA;2019-06-01;;2020-02-29;NÃO SE APLICA;NÃO SE APLICA
78198402;Dispositivo de Tração Cutânea;NÃO SE APLICA;NÃO SE APLICA;2019-06-01;;2020-02-29;NÃO SE APLICA;NÃO SE APLICA
77381432;Dispositivo Implantável para Incontinência Urinária;NÃO SE APLICA;NÃO SE APLICA;2019-03-01;;2020-02-29;NÃO SE APLICA;NÃO SE APLICA
78198410;Dispositivo Mecanico P/Ret.Estab.Protese Total;NÃO SE APLICA;NÃO SE APLICA;2019-06-01;;2020-02-29;NÃO SE APLICA;NÃO SE APLICA
78198429;DISPOSITIVO ORAL PARA REDUÇÃO DA CAPACIDADE DE MORDIDA;NÃO SE APLICA;NÃO SE APLICA;2019-06-01;;2020-02-29;NÃO SE APLICA;NÃO SE APLICA
78196094;DISPOSITIVO PARA ABLAÇÃO CIRÚRGICA;NÃO SE APLICA;NÃO SE APLICA;2019-06-01;;2020-02-29;NÃO SE APLICA;NÃO SE APLICA
78198437;Dispositivo para acionamento de equipamentos medicos;NÃO SE APLICA;NÃO SE APLICA;2019-06-01;;2020-02-29;NÃO SE APLICA;NÃO SE APLICA
78198445;Dispositivo Para Anastomose;NÃO SE APLICA;NÃO SE APLICA;2019-06-01;;2020-02-29;NÃO SE APLICA;NÃO SE APLICA
78198453;Dispositivo Para Auto Exame;NÃO SE APLICA;NÃO SE APLICA;2019-06-01;;2020-02-29;NÃO SE APLICA;NÃO SE APLICA
78198461;Dispositivo Para Biopsia;NÃO SE APLICA;NÃO SE APLICA;2019-06-01;;2020-02-29;NÃO SE APLICA;NÃO SE APLICA
78198470;DISPOSITIVO PARA DIAGNÓSTICO;NÃO SE APLICA;NÃO SE APLICA;2019-06-01;;2020-02-29;NÃO SE APLICA;NÃO SE APLICA
104338040;Dispositivo Para Disseccao;NÃO SE APLICA;NÃO SE APLICA;2025-10-01;;2025-12-31;NÃO SE APLICA;NÃO SE APLICA
78198488;Dispositivo Para Fixacao de Cateter;NÃO SE APLICA;NÃO SE APLICA;2019-06-01;;2020-02-29;NÃO SE APLICA;NÃO SE APLICA
78198496;Dispositivo Para Fobia de Agulha;NÃO SE APLICA;NÃO SE APLICA;2019-06-01;;2020-02-29;NÃO SE APLICA;NÃO SE APLICA
78198500;Dispositivo para implantação de lentes intra oculares;NÃO SE APLICA;NÃO SE APLICA;2019-06-01;;2020-02-29;NÃO SE APLICA;NÃO SE APLICA
78198518;Dispositivo para Inalação com Pó Seco;NÃO SE APLICA;NÃO SE APLICA;2019-06-01;;2020-02-29;NÃO SE APLICA;NÃO SE APLICA
78198526;Dispositivo para Incisão;NÃO SE APLICA;NÃO SE APLICA;2019-06-01;;2020-02-29;NÃO SE APLICA;NÃO SE APLICA
78198534;DISPOSITIVO PARA INFUSÃO;NÃO SE APLICA;NÃO SE APLICA;2019-06-01;;2020-02-29;NÃO SE APLICA;NÃO SE APLICA
78198542;Dispositivo para Medicao Lacrimal;NÃO SE APLICA;NÃO SE APLICA;2019-06-01;;2020-02-29;NÃO SE APLICA;NÃO SE APLICA
77381831;dispositivo para proteção embolica;NÃO SE APLICA;NÃO SE APLICA;2019-03-01;;2020-02-29;NÃO SE APLICA;NÃO SE APLICA
78196108;DISPOSITIVO PARA REMOÇÃO DE COÁGULOS;NÃO SE APLICA;NÃO SE APLICA;2019-06-01;;2020-02-29;NÃO SE APLICA;NÃO SE APLICA
78198550;Dispositivo para Remocao de Eletrodo;NÃO SE APLICA;NÃO SE APLICA;2019-06-01;;2020-02-29;NÃO SE APLICA;NÃO SE APLICA
78198569;Dispositivo para Retracao Automatica de Cateter;NÃO SE APLICA;NÃO SE APLICA;2019-06-01;;2020-02-29;NÃO SE APLICA;NÃO SE APLICA
78198577;Dispositivos;NÃO SE APLICA;NÃO SE APLICA;2019-06-01;;2020-02-29;NÃO SE APLICA;NÃO SE APLICA
77381726;Dispositivos Intra-Uterinos;NÃO SE APLICA;NÃO SE APLICA;2019-03-01;;2020-02-29;NÃO SE APLICA;NÃO SE APLICA
78198585;Dispositivos Para Contracepcao Feminina;NÃO SE APLICA;NÃO SE APLICA;2019-06-01;;2020-02-29;NÃO SE APLICA;NÃO SE APLICA
78198593;Dispositivos Para Fonoaudiologia;NÃO SE APLICA;NÃO SE APLICA;2019-06-01;;2020-02-29;NÃO SE APLICA;NÃO SE APLICA
78196116;Dispositivos Para Incontinencia Urinaria;NÃO SE APLICA;NÃO SE APLICA;2019-06-01;;2020-02-29;NÃO SE APLICA;NÃO SE APLICA
78198607;Dissectores;NÃO SE APLICA;NÃO SE APLICA;2019-06-01;;2020-02-29;NÃO SE APLICA;NÃO SE APLICA
78198615;Distrator Odontologico;NÃO SE APLICA;NÃO SE APLICA;2019-06-01;;2020-02-29;NÃO SE APLICA;NÃO SE APLICA
77381734;Distrator Odontologico Implantavel;NÃO SE APLICA;NÃO SE APLICA;2019-03-01;;2020-02-29;NÃO SE APLICA;NÃO SE APLICA
77381440;Distrator Osseo;NÃO SE APLICA;NÃO SE APLICA;2019-03-01;;2020-02-29;NÃO SE APLICA;NÃO SE APLICA
78198623;Dosador;NÃO SE APLICA;NÃO SE APLICA;2019-06-01;;2020-02-29;NÃO SE APLICA;NÃO SE APLICA
78198631;Drenos;NÃO SE APLICA;NÃO SE APLICA;2019-06-01;;2020-02-29;NÃO SE APLICA;NÃO SE APLICA
78198640;Ducha Ginecologica;NÃO SE APLICA;NÃO SE APLICA;2019-06-01;;2020-02-29;NÃO SE APLICA;NÃO SE APLICA
