fonte;edicao;tipo_item;codigo_fonte;tabela_fonte;chave_fonte;laboratorio;produto;apresentacao;principio_ativo;ean;registro_anvisa;codigo_tuss;ggrem;generico;restrito_hospitalar;qtd_embalagem;pf_total;pmc_total;pf_unit;pmc_unit;preco_ref;tipo_preco;vigencia;tabela87_sugerida;precos_extra
SIMPRO;2026-04-12;saneante;0000108882;12;;FBM;HIGIODINE ALCOOLICO 1000ML;;;;;;;;;;;;;;0.02;SIMPRO_VIG;2007-07-16;19;
SIMPRO;2026-04-12;saneante;0000108881;12;;FBM;HIGIODINE ALCOOLICO 100ML;;;;;;;;;;;;;;0.026;SIMPRO_VIG;2007-07-16;19;
SIMPRO;2026-04-12;saneante;0000108884;12;;FBM;HIGIODINE AQUOSO 1000ML;;;;;;;;;;;;;;0.014;SIMPRO_VIG;2007-07-16;19;
SIMPRO;2026-04-12;saneante;0000108883;12;;FBM;HIGIODINE AQUOSO 100ML;;;;;;;;;;;;;;0.024;SIMPRO_VIG;2007-07-16;19;
SIMPRO;2026-04-12;saneante;0000108885;12;;FBM;HIPOCLORITO 1% 1000ML;;;;;;;;;;;;;;0.002;SIMPRO_VIG;2007-07-16;19;
SIMPRO;2026-04-12;saneante;0000108886;12;;FBM;HIPOCLORITO 1% 5000ML;;;;;;;;;;;;;;0.001;SIMPRO_VIG;2007-07-16;19;
SIMPRO;2026-04-12;saneante;0000256209;12;;D.G.L;HIPOCLORITO 10 A 12% 1000ML;;;;;;;;;;;;;;4.9;SIMPRO_VIG;2015-04-06;19;
SIMPRO;2026-04-12;saneante;0000256201;12;;D.G.L;HIPOCLORITO 10 A 12% 20LT;;;;;;;;;;;;;;3.6;SIMPRO_VIG;2015-04-06;19;
SIMPRO;2026-04-12;saneante;0000256200;12;;D.G.L;HIPOCLORITO 10 A 12% 5000ML;;;;;;;;;;;;;;22;SIMPRO_VIG;2015-04-06;19;
SIMPRO;2026-04-12;saneante;0000108889;12;;FBM;HIPOCLORITO 10% 20LTS;;;;;;;;;;;;;;0.003;SIMPRO_VIG;2007-07-16;19;
SIMPRO;2026-04-12;saneante;0000108888;12;;FBM;HIPOCLORITO 10% 5000ML;;;;;;;;;;;;;;0.003;SIMPRO_VIG;2007-07-16;19;
SIMPRO;2026-04-12;saneante;0000108890;12;;FBM;HIPOCLORITO 2,5% 1000ML;;;;;;;;;;;;;;0.003;SIMPRO_VIG;2007-07-16;19;
SIMPRO;2026-04-12;saneante;0000108891;12;;FBM;HIPOCLORITO 2,5% 5000ML;;;;;;;;;;;;;;0.002;SIMPRO_VIG;2007-07-16;19;
SIMPRO;2026-04-12;saneante;0000108892;12;;FBM;HIPOCLORITO 5% 1000ML;;;;;;;;;;;;;;0.003;SIMPRO_VIG;2007-07-16;19;
SIMPRO;2026-04-12;saneante;0000108893;12;;FBM;HIPOCLORITO 5% 5000ML;;;;;;;;;;;;;;0.002;SIMPRO_VIG;2007-07-16;19;
SIMPRO;2026-04-12;saneante;0000145158;12;;KELLDRIN;HIPOCLORITO SODIO 1% 1000ML;;;;;;;;;;;;;;0.003;SIMPRO_VIG;2010-04-09;19;
SIMPRO;2026-04-12;saneante;0005165058;12;;MIYAKO;HIPOCLORITO SODIO 1% 1000ML;;;;;;;;;;;;;;0.002;SIMPRO_VIG;2007-10-02;19;
SIMPRO;2026-04-12;saneante;0000071636;12;;L.M.FARMA;HIPOCLORITO SODIO 1% 1000ML D-01;;;;;;;;;;;;;;0.002;SIMPRO_VIG;2006-04-19;19;
SIMPRO;2026-04-12;saneante;0001905083;12;;D.G.L;HIPOCLORITO SODIO 1% 1000ML DIVIREX;;;;;;;;;;;;;;1.42;SIMPRO_VIG;2015-04-06;19;
SIMPRO;2026-04-12;saneante;0000145159;12;;KELLDRIN;HIPOCLORITO SODIO 1% 5000ML;;;;;;;;;;;;;;0.002;SIMPRO_VIG;2010-04-09;19;
SIMPRO;2026-04-12;saneante;0000071637;12;;L.M.FARMA;HIPOCLORITO SODIO 1% 5000ML D-02;;;;;;;;;;;;;;0.002;SIMPRO_VIG;2006-04-19;19;
SIMPRO;2026-04-12;saneante;0000022090;12;;D.G.L;HIPOCLORITO SODIO 1% 5000ML DIVIREX;;;;;;;;;;;;;;4.8;SIMPRO_VIG;2015-04-06;19;
SIMPRO;2026-04-12;saneante;0005165204;12;;MIYAKO;HIPOCLORITO SODIO 1% AZUL 5000ML;;;;;;;;;;;;;;0.001;SIMPRO_VIG;2007-10-02;19;
SIMPRO;2026-04-12;saneante;0000101969;12;;MIYAKO;HIPOCLORITO SODIO 1% BOMBONA 200LTS;;;;;;;;;;;;;;0.862;SIMPRO_VIG;2007-10-02;19;
SIMPRO;2026-04-12;saneante;0000101968;12;;MIYAKO;HIPOCLORITO SODIO 1% BOMBONA 20LTS;;;;;;;;;;;;;;0.001;SIMPRO_VIG;2007-10-02;19;
SIMPRO;2026-04-12;saneante;0000061759;12;;MIYAKO;HIPOCLORITO SODIO 1% BOMBONA 50LTS;;;;;;;;;;;;;;0.94;SIMPRO_VIG;2007-10-02;19;
SIMPRO;2026-04-12;saneante;0001905001;12;;D.G.L;HIPOCLORITO SODIO 10% 1000ML;;;;;;;;;;;;;;0.005;SIMPRO_VIG;2009-01-21;19;
SIMPRO;2026-04-12;saneante;0000134422;12;;D.G.L;HIPOCLORITO SODIO 10% 100ML;;;;;;;;;;;;;;0.012;SIMPRO_VIG;2009-01-21;19;
SIMPRO;2026-04-12;saneante;0001905003;12;;D.G.L;HIPOCLORITO SODIO 10% 5000ML;;;;;;;;;;;;;;0.005;SIMPRO_VIG;2011-02-23;19;
SIMPRO;2026-04-12;saneante;0005165064;12;;MIYAKO;HIPOCLORITO SODIO 10/12% 1000ML;;;;;;;;;;;;;;0.006;SIMPRO_VIG;2007-10-02;19;
SIMPRO;2026-04-12;saneante;0005165207;12;;MIYAKO;HIPOCLORITO SODIO 10/12% 5000ML;;;;;;;;;;;;;;0.003;SIMPRO_VIG;2007-10-02;19;
SIMPRO;2026-04-12;saneante;0000121309;12;;MIYAKO;HIPOCLORITO SODIO 10/12% BOMB.200LTS;;;;;;;;;;;;;;2.962;SIMPRO_VIG;2007-10-02;19;
SIMPRO;2026-04-12;saneante;0000121310;12;;MIYAKO;HIPOCLORITO SODIO 10/12% BOMB.20LTS;;;;;;;;;;;;;;3.119;SIMPRO_VIG;2012-01-13;19;
SIMPRO;2026-04-12;saneante;0000067432;12;;MIYAKO;HIPOCLORITO SODIO 10/12% BOMB.50LTS;;;;;;;;;;;;;;3.025;SIMPRO_VIG;2007-10-02;19;
SIMPRO;2026-04-12;saneante;0000033270;12;;D.G.L;HIPOCLORITO SODIO 12% 1000ML;;;;;;;;;;;;;;0.005;SIMPRO_VIG;2009-01-21;19;
SIMPRO;2026-04-12;saneante;0000134423;12;;D.G.L;HIPOCLORITO SODIO 12% 100ML;;;;;;;;;;;;;;0.012;SIMPRO_VIG;2009-01-21;19;
SIMPRO;2026-04-12;saneante;0001905004;12;;D.G.L;HIPOCLORITO SODIO 12% 5000ML;;;;;;;;;;;;;;0.005;SIMPRO_VIG;2011-02-23;19;
SIMPRO;2026-04-12;saneante;0000134439;12;;D.G.L;HIPOCLORITO SODIO 2% 1000ML DIVIREX;;;;;;;;;;;;;;3;SIMPRO_VIG;2015-04-06;19;
SIMPRO;2026-04-12;saneante;0000134440;12;;D.G.L;HIPOCLORITO SODIO 2% 5000ML DIVIREX;;;;;;;;;;;;;;9.6;SIMPRO_VIG;2012-01-16;19;
SIMPRO;2026-04-12;saneante;0000138079;12;;MIYAKO;HIPOCLORITO SODIO 2,5% 1000ML;;;;;;;;;;;;;;0.003;SIMPRO_VIG;2009-05-27;19;
SIMPRO;2026-04-12;saneante;0000138080;12;;MIYAKO;HIPOCLORITO SODIO 2,5% AZUL 5000ML;;;;;;;;;;;;;;0.002;SIMPRO_VIG;2009-05-27;19;
SIMPRO;2026-04-12;saneante;0000138083;12;;MIYAKO;HIPOCLORITO SODIO 2,5% BOMBONA 200LTS;;;;;;;;;;;;;;1.642;SIMPRO_VIG;2009-05-27;19;
SIMPRO;2026-04-12;saneante;0000138081;12;;MIYAKO;HIPOCLORITO SODIO 2,5% BOMBONA 20LTS;;;;;;;;;;;;;;0.002;SIMPRO_VIG;2009-05-27;19;
SIMPRO;2026-04-12;saneante;0000138082;12;;MIYAKO;HIPOCLORITO SODIO 2,5% BOMBONA 50LTS;;;;;;;;;;;;;;0.002;SIMPRO_VIG;2009-05-27;19;
SIMPRO;2026-04-12;saneante;0000134441;12;;D.G.L;HIPOCLORITO SODIO 5% 1000ML DIVIREX;;;;;;;;;;;;;;4.4;SIMPRO_VIG;2015-04-06;19;
SIMPRO;2026-04-12;saneante;0001905002;12;;D.G.L;HIPOCLORITO SODIO 5% 5000ML DIVIREX;;;;;;;;;;;;;;13.8;SIMPRO_VIG;2015-04-06;19;
