registro_anvisa;classe_risco;fabricante_nacional;fabricante_internacional;pais
10322259008;I;QIAGEN BIOTECNOLOGIA BRASIL LTDA.;QIAGEN GMBH;ALEMANHA
82036520001;I;QLS - QUALITY LIFE SCIENCES IMPORTAÇÃO E EXPORTAÇÃO LTDA;XUCHANG ZHENGDE ENVIRONSTAR MEDICAL PRODUCTS CO.,LTD - 461200;CHINA, REPÚBLICA POPULAR
82036520002;I;QLS - QUALITY LIFE SCIENCES IMPORTAÇÃO E EXPORTAÇÃO LTDA;XUCHANG ZHENGDE ENVIRONSTAR MEDICAL PRODUCTS CO.,LTD - 461200;CHINA, REPÚBLICA POPULAR
82036520003;I;QLS - QUALITY LIFE SCIENCES IMPORTAÇÃO E EXPORTAÇÃO LTDA;XUCHANG ZHENGDE ENVIRONSTAR MEDICAL PRODUCTS CO.,LTD - 461200;CHINA, REPÚBLICA POPULAR
82036520014;I;QLS - QUALITY LIFE SCIENCES IMPORTAÇÃO E EXPORTAÇÃO LTDA;XUCHANG ZHENGDE ENVIRONSTAR MEDICAL PRODUCTS CO.,LTD - 461200;CHINA, REPÚBLICA POPULAR
82036520016;I;QLS - QUALITY LIFE SCIENCES IMPORTAÇÃO E EXPORTAÇÃO LTDA;XUCHANG ZHENGDE ENVIRONSTAR MEDICAL PRODUCTS CO.,LTD - 461200;CHINA, REPÚBLICA POPULAR
82036520020;I;QLS - QUALITY LIFE SCIENCES IMPORTAÇÃO E EXPORTAÇÃO LTDA;XUCHANG ZHENGDE ENVIRONSTAR MEDICAL PRODUCTS CO.,LTD - 461200;CHINA, REPÚBLICA POPULAR
82036520021;I;QLS - QUALITY LIFE SCIENCES IMPORTAÇÃO E EXPORTAÇÃO LTDA;XUCHANG ZHENGDE ENVIRONSTAR MEDICAL PRODUCTS CO.,LTD - 461200;CHINA, REPÚBLICA POPULAR
82036520022;I;QLS - QUALITY LIFE SCIENCES IMPORTAÇÃO E EXPORTAÇÃO LTDA;XUCHANG ZHENGDE ENVIRONSTAR MEDICAL PRODUCTS CO.,LTD - 461200;CHINA, REPÚBLICA POPULAR
82036520023;I;QLS - QUALITY LIFE SCIENCES IMPORTAÇÃO E EXPORTAÇÃO LTDA;ANHUI INTCO MEDICAL PRODUCTS CO, LTD;CHINA, REPÚBLICA POPULAR
82036520024;I;QLS - QUALITY LIFE SCIENCES IMPORTAÇÃO E EXPORTAÇÃO LTDA;XUCHANG ZHENGDE ENVIRONSTAR MEDICAL PRODUCTS CO.,LTD - 461200;CHINA, REPÚBLICA POPULAR
82036520025;I;QLS - QUALITY LIFE SCIENCES IMPORTAÇÃO E EXPORTAÇÃO LTDA;XUCHANG ZHENGDE ENVIRONSTAR MEDICAL PRODUCTS CO.,LTD - 461200;CHINA, REPÚBLICA POPULAR
82036520026;I;QLS - QUALITY LIFE SCIENCES IMPORTAÇÃO E EXPORTAÇÃO LTDA;XUCHANG ZHENGDE ENVIRONSTAR MEDICAL PRODUCTS CO.,LTD - 461200;CHINA, REPÚBLICA POPULAR
82036520036;IV;QLS - QUALITY LIFE SCIENCES IMPORTAÇÃO E EXPORTAÇÃO LTDA;;
82036520036;IV;QLS - QUALITY LIFE SCIENCES IMPORTAÇÃO E EXPORTAÇÃO LTDA;SHUNMEI MEDICAL CO., LTD;CHINA, REPÚBLICA POPULAR
82036520037;IV;QLS - QUALITY LIFE SCIENCES IMPORTAÇÃO E EXPORTAÇÃO LTDA;;
82036520037;IV;QLS - QUALITY LIFE SCIENCES IMPORTAÇÃO E EXPORTAÇÃO LTDA;SHUNMEI MEDICAL CO., LTD;CHINA, REPÚBLICA POPULAR
82036520038;IV;QLS - QUALITY LIFE SCIENCES IMPORTAÇÃO E EXPORTAÇÃO LTDA;;
82036520038;IV;QLS - QUALITY LIFE SCIENCES IMPORTAÇÃO E EXPORTAÇÃO LTDA;SHUNMEI MEDICAL CO., LTD;CHINA, REPÚBLICA POPULAR
82036520039;IV;QLS - QUALITY LIFE SCIENCES IMPORTAÇÃO E EXPORTAÇÃO LTDA;;
82036520039;IV;QLS - QUALITY LIFE SCIENCES IMPORTAÇÃO E EXPORTAÇÃO LTDA;SHUNMEI MEDICAL CO., LTD;CHINA, REPÚBLICA POPULAR
82036520040;IV;QLS - QUALITY LIFE SCIENCES IMPORTAÇÃO E EXPORTAÇÃO LTDA;;
82036520040;IV;QLS - QUALITY LIFE SCIENCES IMPORTAÇÃO E EXPORTAÇÃO LTDA;SHUNMEI MEDICAL CO., LTD;CHINA, REPÚBLICA POPULAR
82036529001;II;QLS - QUALITY LIFE SCIENCES IMPORTAÇÃO E EXPORTAÇÃO LTDA;XUZHOU MAICUFF TECHNOLOGY.,LTD;CHINA, REPÚBLICA POPULAR
82036529002;II;QLS - QUALITY LIFE SCIENCES IMPORTAÇÃO E EXPORTAÇÃO LTDA;XIAONIU HEALTH CO., LTD.;CHINA, REPÚBLICA POPULAR
81325990002;II;QR CONSULTING, IMPORTACAO E DISTRIBUICAO DE PRODUTOS MEDICOS LTDA;Biometrix.;ISRAEL
81325990003;II;QR CONSULTING, IMPORTACAO E DISTRIBUICAO DE PRODUTOS MEDICOS LTDA;Biometrix.;ISRAEL
81325990004;II;QR CONSULTING, IMPORTACAO E DISTRIBUICAO DE PRODUTOS MEDICOS LTDA;Biometrix.;ISRAEL
81325990005;II;QR CONSULTING, IMPORTACAO E DISTRIBUICAO DE PRODUTOS MEDICOS LTDA;Biometrix.;ISRAEL
81325990006;II;QR CONSULTING, IMPORTACAO E DISTRIBUICAO DE PRODUTOS MEDICOS LTDA;Biometrix.;ISRAEL
81325990008;II;QR CONSULTING, IMPORTACAO E DISTRIBUICAO DE PRODUTOS MEDICOS LTDA;Biometrix.;ISRAEL
81325990009;II;QR CONSULTING, IMPORTACAO E DISTRIBUICAO DE PRODUTOS MEDICOS LTDA;Biometrix.;ISRAEL
81325990010;II;QR CONSULTING, IMPORTACAO E DISTRIBUICAO DE PRODUTOS MEDICOS LTDA;Biometrix.;ISRAEL
81325990011;II;QR CONSULTING, IMPORTACAO E DISTRIBUICAO DE PRODUTOS MEDICOS LTDA;Biometrix.;ISRAEL
81325990013;I;QR CONSULTING, IMPORTACAO E DISTRIBUICAO DE PRODUTOS MEDICOS LTDA;BIOMETRIX LTD;ISRAEL
81325990014;II;QR CONSULTING, IMPORTACAO E DISTRIBUICAO DE PRODUTOS MEDICOS LTDA;BIOMETRIX LTD;ISRAEL
81325990015;II;QR CONSULTING, IMPORTACAO E DISTRIBUICAO DE PRODUTOS MEDICOS LTDA;BIOMETRIX LTD;ISRAEL
81325990016;II;QR CONSULTING, IMPORTACAO E DISTRIBUICAO DE PRODUTOS MEDICOS LTDA;BIOMETRIX LTD;ISRAEL
81325990017;II;QR CONSULTING, IMPORTACAO E DISTRIBUICAO DE PRODUTOS MEDICOS LTDA;BIOMETRIX LTD;ISRAEL
81325990020;II;QR CONSULTING, IMPORTACAO E DISTRIBUICAO DE PRODUTOS MEDICOS LTDA;BIOMETRIX LIMITED;ISRAEL
81325990021;II;QR CONSULTING, IMPORTACAO E DISTRIBUICAO DE PRODUTOS MEDICOS LTDA;BIOMETRIX LTD;ISRAEL
81325990022;II;QR CONSULTING, IMPORTACAO E DISTRIBUICAO DE PRODUTOS MEDICOS LTDA;BIOMETRIX LTD;ISRAEL
81325990023;I;QR CONSULTING, IMPORTACAO E DISTRIBUICAO DE PRODUTOS MEDICOS LTDA;BIOMETRIX LTD;ISRAEL
81325990024;II;QR CONSULTING, IMPORTACAO E DISTRIBUICAO DE PRODUTOS MEDICOS LTDA;Biometrix.;ISRAEL
81325990025;I;QR CONSULTING, IMPORTACAO E DISTRIBUICAO DE PRODUTOS MEDICOS LTDA;BIOMETRIX LTD;ISRAEL
81325990026;II;QR CONSULTING, IMPORTACAO E DISTRIBUICAO DE PRODUTOS MEDICOS LTDA;Biometrix.;ISRAEL
81325990027;I;QR CONSULTING, IMPORTACAO E DISTRIBUICAO DE PRODUTOS MEDICOS LTDA;BIOMETRIX LTD;ISRAEL
81325990028;I;QR CONSULTING, IMPORTACAO E DISTRIBUICAO DE PRODUTOS MEDICOS LTDA;BIOMETRIX LTD;ISRAEL
81325990029;I;QR CONSULTING, IMPORTACAO E DISTRIBUICAO DE PRODUTOS MEDICOS LTDA;BIOMETRIX LTD;ISRAEL
81325990030;II;QR CONSULTING, IMPORTACAO E DISTRIBUICAO DE PRODUTOS MEDICOS LTDA;BIOMETRIX LTD;ISRAEL
81325990031;II;QR CONSULTING, IMPORTACAO E DISTRIBUICAO DE PRODUTOS MEDICOS LTDA;BIOMETRIX LTD;ISRAEL
81325990032;I;QR CONSULTING, IMPORTACAO E DISTRIBUICAO DE PRODUTOS MEDICOS LTDA;HARSORIA HEALTHCARE PVT. LTD.;ÍNDIA
81325990033;II;QR CONSULTING, IMPORTACAO E DISTRIBUICAO DE PRODUTOS MEDICOS LTDA;HARSORIA HEALTHCARE PVT. LTD.;ÍNDIA
81325990034;II;QR CONSULTING, IMPORTACAO E DISTRIBUICAO DE PRODUTOS MEDICOS LTDA;HARSORIA HEALTHCARE PVT. LTD.;ÍNDIA
81325990035;II;QR CONSULTING, IMPORTACAO E DISTRIBUICAO DE PRODUTOS MEDICOS LTDA;HARSORIA HEALTHCARE PVT. LTD.;ÍNDIA
81325990036;II;QR CONSULTING, IMPORTACAO E DISTRIBUICAO DE PRODUTOS MEDICOS LTDA;HARSORIA HEALTHCARE PVT. LTD.;ÍNDIA
81325990037;II;QR CONSULTING, IMPORTACAO E DISTRIBUICAO DE PRODUTOS MEDICOS LTDA;HARSORIA HEALTHCARE PVT. LTD.;ÍNDIA
81325990038;II;QR CONSULTING, IMPORTACAO E DISTRIBUICAO DE PRODUTOS MEDICOS LTDA;HARSORIA HEALTHCARE PVT. LTD.;ÍNDIA
81325990039;II;QR CONSULTING, IMPORTACAO E DISTRIBUICAO DE PRODUTOS MEDICOS LTDA;HARSORIA HEALTHCARE PVT. LTD.;ÍNDIA
81325990040;II;QR CONSULTING, IMPORTACAO E DISTRIBUICAO DE PRODUTOS MEDICOS LTDA;HARSORIA HEALTHCARE PVT. LTD.;ÍNDIA
81325990042;II;QR CONSULTING, IMPORTACAO E DISTRIBUICAO DE PRODUTOS MEDICOS LTDA;HARSORIA HEALTHCARE PVT. LTD.;ÍNDIA
81325990043;II;QR CONSULTING, IMPORTACAO E DISTRIBUICAO DE PRODUTOS MEDICOS LTDA;HARSORIA HEALTHCARE PVT. LTD.;ÍNDIA
81325990044;I;QR CONSULTING, IMPORTACAO E DISTRIBUICAO DE PRODUTOS MEDICOS LTDA;HARSORIA HEALTHCARE PVT. LTD.;ÍNDIA
81325990045;II;QR CONSULTING, IMPORTACAO E DISTRIBUICAO DE PRODUTOS MEDICOS LTDA;HARSORIA HEALTHCARE PVT. LTD.;ÍNDIA
81325990046;II;QR CONSULTING, IMPORTACAO E DISTRIBUICAO DE PRODUTOS MEDICOS LTDA;BIOMETRIX LTD;ISRAEL
81325990047;III;QR CONSULTING, IMPORTACAO E DISTRIBUICAO DE PRODUTOS MEDICOS LTDA;;
81325990047;III;QR CONSULTING, IMPORTACAO E DISTRIBUICAO DE PRODUTOS MEDICOS LTDA;FEG TEXTILTECHNIK FORSCHUNGS - UND ENTWICKLUNGSGESELLSCHAFT MBH;ALEMANHA
81325990048;IV;QR CONSULTING, IMPORTACAO E DISTRIBUICAO DE PRODUTOS MEDICOS LTDA;;
81325990048;IV;QR CONSULTING, IMPORTACAO E DISTRIBUICAO DE PRODUTOS MEDICOS LTDA;BIOMETRIX LTD;ISRAEL
81325990049;IV;QR CONSULTING, IMPORTACAO E DISTRIBUICAO DE PRODUTOS MEDICOS LTDA;;
81325990049;IV;QR CONSULTING, IMPORTACAO E DISTRIBUICAO DE PRODUTOS MEDICOS LTDA;BIOMETRIX LTD;ISRAEL
81325990050;II;QR CONSULTING, IMPORTACAO E DISTRIBUICAO DE PRODUTOS MEDICOS LTDA;BIOMETRIX LTD;ISRAEL
81325990051;III;QR CONSULTING, IMPORTACAO E DISTRIBUICAO DE PRODUTOS MEDICOS LTDA;;
81325990051;III;QR CONSULTING, IMPORTACAO E DISTRIBUICAO DE PRODUTOS MEDICOS LTDA;FEG TEXTILTECHNIK FORSCHUNGS - UND ENTWICKLUNGSGESELLSCHAFT MBH;ALEMANHA
81325990052;I;QR CONSULTING, IMPORTACAO E DISTRIBUICAO DE PRODUTOS MEDICOS LTDA;Mueller Sports Medicine;ESTADOS UNIDOS DA AMÉRICA
81325990053;I;QR CONSULTING, IMPORTACAO E DISTRIBUICAO DE PRODUTOS MEDICOS LTDA;Mueller Sports Medicine;ESTADOS UNIDOS DA AMÉRICA
81325990054;I;QR CONSULTING, IMPORTACAO E DISTRIBUICAO DE PRODUTOS MEDICOS LTDA;Mueller Sports Medicine;ESTADOS UNIDOS DA AMÉRICA
81325990055;I;QR CONSULTING, IMPORTACAO E DISTRIBUICAO DE PRODUTOS MEDICOS LTDA;Mueller Sports Medicine;ESTADOS UNIDOS DA AMÉRICA
81325990056;I;QR CONSULTING, IMPORTACAO E DISTRIBUICAO DE PRODUTOS MEDICOS LTDA;Mueller Sports Medicine;ESTADOS UNIDOS DA AMÉRICA
81325990057;I;QR CONSULTING, IMPORTACAO E DISTRIBUICAO DE PRODUTOS MEDICOS LTDA;Mueller Sports Medicine;ESTADOS UNIDOS DA AMÉRICA
81325990058;I;QR CONSULTING, IMPORTACAO E DISTRIBUICAO DE PRODUTOS MEDICOS LTDA;Mueller Sports Medicine;ESTADOS UNIDOS DA AMÉRICA
81325990059;I;QR CONSULTING, IMPORTACAO E DISTRIBUICAO DE PRODUTOS MEDICOS LTDA;Mueller Sports Medicine;ESTADOS UNIDOS DA AMÉRICA
81325990060;I;QR CONSULTING, IMPORTACAO E DISTRIBUICAO DE PRODUTOS MEDICOS LTDA;Mueller Sports Medicine;ESTADOS UNIDOS DA AMÉRICA
81325990061;I;QR CONSULTING, IMPORTACAO E DISTRIBUICAO DE PRODUTOS MEDICOS LTDA;Mueller Sports Medicine;ESTADOS UNIDOS DA AMÉRICA
81325990066;I;QR CONSULTING, IMPORTACAO E DISTRIBUICAO DE PRODUTOS MEDICOS LTDA;MUELLER SPORTS MEDICINE;ESTADOS UNIDOS DA AMÉRICA
81325990087;I;QR CONSULTING, IMPORTACAO E DISTRIBUICAO DE PRODUTOS MEDICOS LTDA;Mueller Sports Medicine;ESTADOS UNIDOS DA AMÉRICA
81325990088;I;QR CONSULTING, IMPORTACAO E DISTRIBUICAO DE PRODUTOS MEDICOS LTDA;Mueller Sports Medicine;ESTADOS UNIDOS DA AMÉRICA
81325990094;I;QR CONSULTING, IMPORTACAO E DISTRIBUICAO DE PRODUTOS MEDICOS LTDA;Mueller Sports Medicine;ESTADOS UNIDOS DA AMÉRICA
81325990095;I;QR CONSULTING, IMPORTACAO E DISTRIBUICAO DE PRODUTOS MEDICOS LTDA;Mueller Sports Medicine;ESTADOS UNIDOS DA AMÉRICA
81325990096;I;QR CONSULTING, IMPORTACAO E DISTRIBUICAO DE PRODUTOS MEDICOS LTDA;HARSORIA HEALTHCARE PVT. LTD.;ÍNDIA
81325990097;II;QR CONSULTING, IMPORTACAO E DISTRIBUICAO DE PRODUTOS MEDICOS LTDA;BIOMETRIX LTD;ISRAEL
81325990100;II;QR CONSULTING, IMPORTACAO E DISTRIBUICAO DE PRODUTOS MEDICOS LTDA;BIOMETRIX LTD;ISRAEL
81325990102;II;QR CONSULTING, IMPORTACAO E DISTRIBUICAO DE PRODUTOS MEDICOS LTDA;BIOMETRIX LTD;ISRAEL
81325990103;II;QR CONSULTING, IMPORTACAO E DISTRIBUICAO DE PRODUTOS MEDICOS LTDA;HARSORIA HEALTHCARE PVT. LTD.;ÍNDIA
81325990192;III;QR CONSULTING, IMPORTACAO E DISTRIBUICAO DE PRODUTOS MEDICOS LTDA;;
81325990192;III;QR CONSULTING, IMPORTACAO E DISTRIBUICAO DE PRODUTOS MEDICOS LTDA;FEG TEXTILTECHNIK FORSCHUNGS - UND ENTWICKLUNGSGESELLSCHAFT MBH;ALEMANHA
81325990245;III;QR CONSULTING, IMPORTACAO E DISTRIBUICAO DE PRODUTOS MEDICOS LTDA;;
81325990245;III;QR CONSULTING, IMPORTACAO E DISTRIBUICAO DE PRODUTOS MEDICOS LTDA;FEG TEXTILTECHNIK FORSCHUNGS - UND ENTWICKLUNGSGESELLSCHAFT MBH;ALEMANHA
81325990274;IV;QR CONSULTING, IMPORTACAO E DISTRIBUICAO DE PRODUTOS MEDICOS LTDA;;
81325990274;IV;QR CONSULTING, IMPORTACAO E DISTRIBUICAO DE PRODUTOS MEDICOS LTDA;FEG TEXTILTECHNIK FORSCHUNGS - UND ENTWICKLUNGSGESELLSCHAFT MBH;ALEMANHA
81325990286;IV;QR CONSULTING, IMPORTACAO E DISTRIBUICAO DE PRODUTOS MEDICOS LTDA;;
81325990286;IV;QR CONSULTING, IMPORTACAO E DISTRIBUICAO DE PRODUTOS MEDICOS LTDA;FEG TEXTILTECHNIK FORSCHUNGS - UND ENTWICKLUNGSGESELLSCHAFT MBH;ALEMANHA
81325990287;IV;QR CONSULTING, IMPORTACAO E DISTRIBUICAO DE PRODUTOS MEDICOS LTDA;;
81325990287;IV;QR CONSULTING, IMPORTACAO E DISTRIBUICAO DE PRODUTOS MEDICOS LTDA;FEG TEXTILTECHNIK FORSCHUNGS - UND ENTWICKLUNGSGESELLSCHAFT MBH;ALEMANHA
81325990360;I;QR CONSULTING, IMPORTACAO E DISTRIBUICAO DE PRODUTOS MEDICOS LTDA;JIANGSU HITEC MEDICAL CO., LTD;CHINA, REPÚBLICA POPULAR
81325990361;I;QR CONSULTING, IMPORTACAO E DISTRIBUICAO DE PRODUTOS MEDICOS LTDA;JIANGSU HITEC MEDICAL CO., LTD;CHINA, REPÚBLICA POPULAR
81325990385;I;QR CONSULTING, IMPORTACAO E DISTRIBUICAO DE PRODUTOS MEDICOS LTDA;G.S.T. CORPORATION LIMITED (HEUER INTERNATIONAL);ÍNDIA
81325999002;II;QR CONSULTING, IMPORTACAO E DISTRIBUICAO DE PRODUTOS MEDICOS LTDA;HARSORIA HEALTHCARE PVT. LTD.;ÍNDIA
81325999003;II;QR CONSULTING, IMPORTACAO E DISTRIBUICAO DE PRODUTOS MEDICOS LTDA;HARSORIA HEALTHCARE PVT. LTD.;ÍNDIA
81325999004;II;QR CONSULTING, IMPORTACAO E DISTRIBUICAO DE PRODUTOS MEDICOS LTDA;HARSORIA HEALTHCARE PVT. LTD.;ÍNDIA
81325999005;II;QR CONSULTING, IMPORTACAO E DISTRIBUICAO DE PRODUTOS MEDICOS LTDA;HARSORIA HEALTHCARE PVT. LTD.;ÍNDIA
81325999007;II;QR CONSULTING, IMPORTACAO E DISTRIBUICAO DE PRODUTOS MEDICOS LTDA;HARSORIA HEALTHCARE PVT. LTD.;ÍNDIA
81325999008;II;QR CONSULTING, IMPORTACAO E DISTRIBUICAO DE PRODUTOS MEDICOS LTDA;HARSORIA HEALTHCARE PVT. LTD;ÍNDIA
81325999008;II;QR CONSULTING, IMPORTACAO E DISTRIBUICAO DE PRODUTOS MEDICOS LTDA;HARSORIA HEALTHCARE PVT. LTD.;ÍNDIA
81325999009;II;QR CONSULTING, IMPORTACAO E DISTRIBUICAO DE PRODUTOS MEDICOS LTDA;HARSORIA HEALTHCARE PVT. LTD;ÍNDIA
81325999009;II;QR CONSULTING, IMPORTACAO E DISTRIBUICAO DE PRODUTOS MEDICOS LTDA;HARSORIA HEALTHCARE PVT. LTD.;ÍNDIA
81325999010;II;QR CONSULTING, IMPORTACAO E DISTRIBUICAO DE PRODUTOS MEDICOS LTDA;HARSORIA HEALTHCARE PVT. LTD;ÍNDIA
81325999010;II;QR CONSULTING, IMPORTACAO E DISTRIBUICAO DE PRODUTOS MEDICOS LTDA;HARSORIA HEALTHCARE PVT. LTD.;ÍNDIA
81325999011;II;QR CONSULTING, IMPORTACAO E DISTRIBUICAO DE PRODUTOS MEDICOS LTDA;HARSORIA HEALTHCARE PVT. LTD;ÍNDIA
81325999011;II;QR CONSULTING, IMPORTACAO E DISTRIBUICAO DE PRODUTOS MEDICOS LTDA;HARSORIA HEALTHCARE PVT. LTD.;ÍNDIA
81325999012;II;QR CONSULTING, IMPORTACAO E DISTRIBUICAO DE PRODUTOS MEDICOS LTDA;MEDSOURCE INTERNATIONAL, LLC;ESTADOS UNIDOS DA AMÉRICA
81325999013;II;QR CONSULTING, IMPORTACAO E DISTRIBUICAO DE PRODUTOS MEDICOS LTDA;MEDSOURCE INTERNATIONAL, LLC;ESTADOS UNIDOS DA AMÉRICA
81325999014;II;QR CONSULTING, IMPORTACAO E DISTRIBUICAO DE PRODUTOS MEDICOS LTDA;MEDSOURCE INTERNATIONAL, LLC;ESTADOS UNIDOS DA AMÉRICA
81325999015;II;QR CONSULTING, IMPORTACAO E DISTRIBUICAO DE PRODUTOS MEDICOS LTDA;MEDSOURCE INTERNATIONAL, LLC;ESTADOS UNIDOS DA AMÉRICA
81325999016;II;QR CONSULTING, IMPORTACAO E DISTRIBUICAO DE PRODUTOS MEDICOS LTDA;MEDSOURCE INTERNATIONAL, LLC;ESTADOS UNIDOS DA AMÉRICA
81325999018;II;QR CONSULTING, IMPORTACAO E DISTRIBUICAO DE PRODUTOS MEDICOS LTDA;MUELLER SPORTS MEDICINE;ESTADOS UNIDOS DA AMÉRICA
81325999019;II;QR CONSULTING, IMPORTACAO E DISTRIBUICAO DE PRODUTOS MEDICOS LTDA;JIANGSU HITEC MEDICAL CO., LTD;CHINA, REPÚBLICA POPULAR
81325999020;II;QR CONSULTING, IMPORTACAO E DISTRIBUICAO DE PRODUTOS MEDICOS LTDA;JIANGSU HITEC MEDICAL CO., LTD;CHINA, REPÚBLICA POPULAR
81325999021;II;QR CONSULTING, IMPORTACAO E DISTRIBUICAO DE PRODUTOS MEDICOS LTDA;JIANGSU HITEC MEDICAL CO., LTD;CHINA, REPÚBLICA POPULAR
81325999022;II;QR CONSULTING, IMPORTACAO E DISTRIBUICAO DE PRODUTOS MEDICOS LTDA;JIANGSU HITEC MEDICAL CO., LTD;CHINA, REPÚBLICA POPULAR
81325999023;II;QR CONSULTING, IMPORTACAO E DISTRIBUICAO DE PRODUTOS MEDICOS LTDA;JIANGSU HITEC MEDICAL CO., LTD;CHINA, REPÚBLICA POPULAR
81325999024;II;QR CONSULTING, IMPORTACAO E DISTRIBUICAO DE PRODUTOS MEDICOS LTDA;JIANGSU HITEC MEDICAL CO., LTD;CHINA, REPÚBLICA POPULAR
81325999025;II;QR CONSULTING, IMPORTACAO E DISTRIBUICAO DE PRODUTOS MEDICOS LTDA;JIANGSU HITEC MEDICAL CO., LTD;CHINA, REPÚBLICA POPULAR
81325999026;II;QR CONSULTING, IMPORTACAO E DISTRIBUICAO DE PRODUTOS MEDICOS LTDA;JIANGSU HITEC MEDICAL CO., LTD;CHINA, REPÚBLICA POPULAR
81325999027;II;QR CONSULTING, IMPORTACAO E DISTRIBUICAO DE PRODUTOS MEDICOS LTDA;JIANGSU HITEC MEDICAL CO., LTD;CHINA, REPÚBLICA POPULAR
81325999028;II;QR CONSULTING, IMPORTACAO E DISTRIBUICAO DE PRODUTOS MEDICOS LTDA;JIANGSU HITEC MEDICAL CO., LTD;CHINA, REPÚBLICA POPULAR
81325999032;II;QR CONSULTING, IMPORTACAO E DISTRIBUICAO DE PRODUTOS MEDICOS LTDA;SHENZHEN YURUCHENG DENTAL MATERIALS CO., LTD;CHINA, REPÚBLICA POPULAR
81325999033;II;QR CONSULTING, IMPORTACAO E DISTRIBUICAO DE PRODUTOS MEDICOS LTDA;RUIKUN (XIAMEN) MEDICAL TECHNOLOGY CO., LTD.;CHINA, REPÚBLICA POPULAR
81325999034;II;QR CONSULTING, IMPORTACAO E DISTRIBUICAO DE PRODUTOS MEDICOS LTDA;RUIKUN (XIAMEN) MEDICAL TECHNOLOGY CO., LTD.;CHINA, REPÚBLICA POPULAR
81325999035;II;QR CONSULTING, IMPORTACAO E DISTRIBUICAO DE PRODUTOS MEDICOS LTDA;RUIKUN (XIAMEN) MEDICAL TECHNOLOGY CO., LTD.;CHINA, REPÚBLICA POPULAR
81325999036;II;QR CONSULTING, IMPORTACAO E DISTRIBUICAO DE PRODUTOS MEDICOS LTDA;RUIKUN (XIAMEN) MEDICAL TECHNOLOGY CO., LTD.;CHINA, REPÚBLICA POPULAR
81325999037;II;QR CONSULTING, IMPORTACAO E DISTRIBUICAO DE PRODUTOS MEDICOS LTDA;RUIKUN (XIAMEN) MEDICAL TECHNOLOGY CO., LTD.;CHINA, REPÚBLICA POPULAR
81325999038;II;QR CONSULTING, IMPORTACAO E DISTRIBUICAO DE PRODUTOS MEDICOS LTDA;AIDITE (QINHUANGDAO) TECHNOLOGY CO. LTD;CHINA, REPÚBLICA POPULAR
81325999039;II;QR CONSULTING, IMPORTACAO E DISTRIBUICAO DE PRODUTOS MEDICOS LTDA;RUIKUN (XIAMEN) MEDICAL TECHNOLOGY CO., LTD.;CHINA, REPÚBLICA POPULAR
81325999040;II;QR CONSULTING, IMPORTACAO E DISTRIBUICAO DE PRODUTOS MEDICOS LTDA;RUIKUN (XIAMEN) MEDICAL TECHNOLOGY CO., LTD.;CHINA, REPÚBLICA POPULAR
81325999041;II;QR CONSULTING, IMPORTACAO E DISTRIBUICAO DE PRODUTOS MEDICOS LTDA;G.S.T. CORPORATION LIMITED (HEUER INTERNATIONAL);ÍNDIA
81325999043;II;QR CONSULTING, IMPORTACAO E DISTRIBUICAO DE PRODUTOS MEDICOS LTDA;G.S.T. CORPORATION LIMITED (HEUER INTERNATIONAL);ÍNDIA
81325999044;II;QR CONSULTING, IMPORTACAO E DISTRIBUICAO DE PRODUTOS MEDICOS LTDA;AIDITE (QINHUANGDAO) TECHNOLOGY CO. LTD;CHINA, REPÚBLICA POPULAR
81325999046;II;QR CONSULTING, IMPORTACAO E DISTRIBUICAO DE PRODUTOS MEDICOS LTDA;AIDITE (QINHUANGDAO) TECHNOLOGY CO. LTD;CHINA, REPÚBLICA POPULAR
81325999047;II;QR CONSULTING, IMPORTACAO E DISTRIBUICAO DE PRODUTOS MEDICOS LTDA;AIDITE (QINHUANGDAO) TECHNOLOGY CO. LTD;CHINA, REPÚBLICA POPULAR
81325999048;II;QR CONSULTING, IMPORTACAO E DISTRIBUICAO DE PRODUTOS MEDICOS LTDA;AIDITE (QINHUANGDAO) TECHNOLOGY CO. LTD;CHINA, REPÚBLICA POPULAR
81325999050;II;QR CONSULTING, IMPORTACAO E DISTRIBUICAO DE PRODUTOS MEDICOS LTDA;AIDITE (QINHUANGDAO) TECHNOLOGY CO. LTD;CHINA, REPÚBLICA POPULAR
81325999051;II;QR CONSULTING, IMPORTACAO E DISTRIBUICAO DE PRODUTOS MEDICOS LTDA;AIDITE (QINHUANGDAO) TECHNOLOGY CO. LTD;CHINA, REPÚBLICA POPULAR
81325999052;II;QR CONSULTING, IMPORTACAO E DISTRIBUICAO DE PRODUTOS MEDICOS LTDA;AIDITE (QINHUANGDAO) TECHNOLOGY CO. LTD;CHINA, REPÚBLICA POPULAR
81325999055;II;QR CONSULTING, IMPORTACAO E DISTRIBUICAO DE PRODUTOS MEDICOS LTDA;AIDITE (QINHUANGDAO) TECHNOLOGY CO. LTD;CHINA, REPÚBLICA POPULAR
81325999056;II;QR CONSULTING, IMPORTACAO E DISTRIBUICAO DE PRODUTOS MEDICOS LTDA;HAICHANG CONTACT LENS CO.,LTD.;CHINA, REPÚBLICA POPULAR
81325999057;II;QR CONSULTING, IMPORTACAO E DISTRIBUICAO DE PRODUTOS MEDICOS LTDA;HAICHANG CONTACT LENS CO.,LTD.;CHINA, REPÚBLICA POPULAR
81325999059;II;QR CONSULTING, IMPORTACAO E DISTRIBUICAO DE PRODUTOS MEDICOS LTDA;HAICHANG CONTACT LENS CO.,LTD.;CHINA, REPÚBLICA POPULAR
80350200002;I;QUALITEC INDUSTRIA E COMERCIO DE PLASTICOS LTDA;QUALITEC INDUSTRIA E COMERCIO DE PLASTICOS LTDA;BRASIL
82926680001;I;QUALITHINGS MEDICAL GROUP LTDA;UCOMFOR SCIENTIFIC CO. LTD;CHINA, REPÚBLICA POPULAR
82926680002;I;QUALITHINGS MEDICAL GROUP LTDA;UCOMFOR SCIENTIFIC CO. LTD;CHINA, REPÚBLICA POPULAR
82926680003;I;QUALITHINGS MEDICAL GROUP LTDA;UCOMFOR SCIENTIFIC CO. LTD;CHINA, REPÚBLICA POPULAR
82926680004;I;QUALITHINGS MEDICAL GROUP LTDA;UCOMFOR SCIENTIFIC CO. LTD;CHINA, REPÚBLICA POPULAR
82926680005;I;QUALITHINGS MEDICAL GROUP LTDA;UCOMFOR SCIENTIFIC CO. LTD;CHINA, REPÚBLICA POPULAR
82926680006;I;QUALITHINGS MEDICAL GROUP LTDA;UCOMFOR SCIENTIFIC CO. LTD;CHINA, REPÚBLICA POPULAR
82926689002;II;QUALITHINGS MEDICAL GROUP LTDA;UCOMFOR SCIENTIFIC CO. LTD;CHINA, REPÚBLICA POPULAR
82926689004;II;QUALITHINGS MEDICAL GROUP LTDA;UCOMFOR SCIENTIFIC CO. LTD;CHINA, REPÚBLICA POPULAR
80714040001;I;QUALITY CENTRAL DE ESTERILIZAÇÃO LTDA;QUALITY CENTRAL DE ESTERILIZAÇÃO LTDA;BRASIL
80714040002;I;QUALITY CENTRAL DE ESTERILIZAÇÃO LTDA;QUALITY CENTRAL DE ESTERILIZAÇÃO LTDA;BRASIL
80714040003;I;QUALITY CENTRAL DE ESTERILIZAÇÃO LTDA;QUALITY CENTRAL DE ESTERILIZAÇÃO LTDA;BRASIL
80714040004;I;QUALITY CENTRAL DE ESTERILIZAÇÃO LTDA;QUALITY CENTRAL DE ESTERILIZAÇÃO LTDA;BRASIL
80714049001;I;QUALITY CENTRAL DE ESTERILIZAÇÃO LTDA;QUALITY CENTRAL DE ESTERILIZAÇÃO LTDA;BRASIL
80714049002;I;QUALITY CENTRAL DE ESTERILIZAÇÃO LTDA;QUALITY CENTRAL DE ESTERILIZAÇÃO LTDA;BRASIL
80714049003;I;QUALITY CENTRAL DE ESTERILIZAÇÃO LTDA;QUALITY CENTRAL DE ESTERILIZAÇÃO LTDA;BRASIL
80714049004;I;QUALITY CENTRAL DE ESTERILIZAÇÃO LTDA;QUALITY CENTRAL DE ESTERILIZAÇÃO LTDA;BRASIL
80714049005;I;QUALITY CENTRAL DE ESTERILIZAÇÃO LTDA;QUALITY CENTRAL DE ESTERILIZAÇÃO LTDA;BRASIL
80714049006;I;QUALITY CENTRAL DE ESTERILIZAÇÃO LTDA;QUALITY CENTRAL DE ESTERILIZAÇÃO LTDA;BRASIL
80714049007;I;QUALITY CENTRAL DE ESTERILIZAÇÃO LTDA;QUALITY CENTRAL DE ESTERILIZAÇÃO LTDA;BRASIL
80246870001;II;QUALITY COMERCIAL DE PRODUTOS MEDICOS HOSPITALARES LTDA;BIO MEDICAL TECHNOLOGIES CO., LTD;CORÉIA DO SUL
80246870005;I;QUALITY COMERCIAL DE PRODUTOS MEDICOS HOSPITALARES LTDA;Hangzhou Tonglu Yida Medical Appliance and Equipament Co., Ltd.;CHINA, REPÚBLICA POPULAR
81960650003;I;QUALITY IMPORTAÇÃO E EXPORTAÇÃO DE PRODUTOS PARA SAÚDE LTDA;SHENZHEN DENCO MEDICAL CO., LTD;CHINA, REPÚBLICA POPULAR
81960650004;I;QUALITY IMPORTAÇÃO E EXPORTAÇÃO DE PRODUTOS PARA SAÚDE LTDA;SHENZHEN DENCO MEDICAL CO., LTD;CHINA, REPÚBLICA POPULAR
81960650005;I;QUALITY IMPORTAÇÃO E EXPORTAÇÃO DE PRODUTOS PARA SAÚDE LTDA;SHENZHEN DENCO MEDICAL CO., LTD;CHINA, REPÚBLICA POPULAR
81960650010;I;QUALITY IMPORTAÇÃO E EXPORTAÇÃO DE PRODUTOS PARA SAÚDE LTDA;SHENZHEN FOREVER MEDICAL DEVICES CO. LTD;CHINA, REPÚBLICA POPULAR
81960659001;II;QUALITY IMPORTAÇÃO E EXPORTAÇÃO DE PRODUTOS PARA SAÚDE LTDA;DENTAL MEDRANO S.A.;ARGENTINA
81960659002;II;QUALITY IMPORTAÇÃO E EXPORTAÇÃO DE PRODUTOS PARA SAÚDE LTDA;DENTAL MEDRANO S.A.;ARGENTINA
81960659003;II;QUALITY IMPORTAÇÃO E EXPORTAÇÃO DE PRODUTOS PARA SAÚDE LTDA;SHENZHEN ROGIN MEDICAL CO LTD;CHINA, REPÚBLICA POPULAR
81960659004;II;QUALITY IMPORTAÇÃO E EXPORTAÇÃO DE PRODUTOS PARA SAÚDE LTDA;SHENZHEN ROGIN MEDICAL CO., LTD.;CHINA, REPÚBLICA POPULAR
81960659006;II;QUALITY IMPORTAÇÃO E EXPORTAÇÃO DE PRODUTOS PARA SAÚDE LTDA;INCI DENTAL TIBBI MALZ. SAN. VETIC. LTD. STI;TURQUIA
80241840001;I;QUALITYDENT INDUSTRIA E COMERCIO DE PRODUTOS ODONTOLOGICOS LTDA - ME;QUALITYDENT INDUSTRIA E COMERCIO DE PRODUTOS ODONTOLOGICOS LTDA - ME;BRASIL
80747660001;I;QUALYBLESS DO BRASIL LTDA;Hubei W.P.P. Co., Ltd.;CHINA, REPÚBLICA POPULAR
80747660006;I;QUALYBLESS DO BRASIL LTDA;ASAP INTERNATIONAL SDN. BHD;MALÁSIA
80747660007;I;QUALYBLESS DO BRASIL LTDA;ASAP INTERNATIONAL SDN. BHD;MALÁSIA
80747660008;I;QUALYBLESS DO BRASIL LTDA;SRI TRANG GLOVES (THAILAND) PUBLIC COMPANY LIMITED;TAILÂNDIA, REINO DA
80747669001;I;QUALYBLESS DO BRASIL LTDA;Hubei W.P.P. Co., Ltd.;CHINA, REPÚBLICA POPULAR
80801630003;II;Quantity Serviços e Comércio de Produtos para Saúde s/a;DUKAL CORPORATION;ESTADOS UNIDOS DA AMÉRICA
80801630007;I;Quantity Serviços e Comércio de Produtos para Saúde s/a;A.R. Medicom Inc. Ltd;CHINA, REPÚBLICA POPULAR
80801630008;I;Quantity Serviços e Comércio de Produtos para Saúde s/a;META BIOMED CO. LTD.;CORÉIA DO SUL
80801630009;I;Quantity Serviços e Comércio de Produtos para Saúde s/a;MICRO DIAMOND TECHNOLOGIES LTD.;ISRAEL
80801630012;I;Quantity Serviços e Comércio de Produtos para Saúde s/a;LAKONG MEDICAL DEVICES CO., LTD (JINGCI ROAD);CHINA, REPÚBLICA POPULAR
80801630013;II;Quantity Serviços e Comércio de Produtos para Saúde s/a;DENTAL MANUFACTURING S. P. A.;ITÁLIA
80801630014;II;Quantity Serviços e Comércio de Produtos para Saúde s/a;DENTAL MANUFACTURING S. P. A.;ITÁLIA
80801630015;II;Quantity Serviços e Comércio de Produtos para Saúde s/a;DENTAL MANUFACTURING S. P. A.;ITÁLIA
80801630016;II;Quantity Serviços e Comércio de Produtos para Saúde s/a;DENTAL MANUFACTURING S. P. A.;ITÁLIA
80801630017;I;Quantity Serviços e Comércio de Produtos para Saúde s/a;SULZER MIXPAC AG;SUÍÇA
80801630022;I;Quantity Serviços e Comércio de Produtos para Saúde s/a;SANCTUARY HEALTH SDN. BHD.;MALÁSIA
80801630023;II;Quantity Serviços e Comércio de Produtos para Saúde s/a;ORTHO ORGANIZERS, INC.;ESTADOS UNIDOS DA AMÉRICA
80801630024;I;Quantity Serviços e Comércio de Produtos para Saúde s/a;ORTHO ORGANIZERS, INC;ESTADOS UNIDOS DA AMÉRICA
80801630026;II;Quantity Serviços e Comércio de Produtos para Saúde s/a;ORTHO ORGANIZERS, INC;ESTADOS UNIDOS DA AMÉRICA
80801630030;II;Quantity Serviços e Comércio de Produtos para Saúde s/a;ORTHO ORGANIZERS, INC;ESTADOS UNIDOS DA AMÉRICA
80801630031;II;Quantity Serviços e Comércio de Produtos para Saúde s/a;ORTHO ORGANIZERS, INC.;ESTADOS UNIDOS DA AMÉRICA
80801630032;I;Quantity Serviços e Comércio de Produtos para Saúde s/a;FORMLABS INC.;ESTADOS UNIDOS DA AMÉRICA
80801630033;II;Quantity Serviços e Comércio de Produtos para Saúde s/a;ZHERMACK SPA;ITÁLIA
80801630034;II;Quantity Serviços e Comércio de Produtos para Saúde s/a;ZHERMACK SPA;ITÁLIA
80801630035;I;Quantity Serviços e Comércio de Produtos para Saúde s/a;J&J INSTRUMENTS, LLC;ESTADOS UNIDOS DA AMÉRICA
80801630036;II;Quantity Serviços e Comércio de Produtos para Saúde s/a;ORTHO ORGANIZERS, INC;ESTADOS UNIDOS DA AMÉRICA
80801630037;I;Quantity Serviços e Comércio de Produtos para Saúde s/a;HARTALEGA NGC SDN. BHD.;MALÁSIA
80801630039;I;Quantity Serviços e Comércio de Produtos para Saúde s/a;ZHERMACK SPA;ITÁLIA
80801630040;II;Quantity Serviços e Comércio de Produtos para Saúde s/a;DENTAL MANUFACTURING S. P. A.;ITÁLIA
80801630041;II;Quantity Serviços e Comércio de Produtos para Saúde s/a;DENTAL MANUFACTURING S. P. A.;ITÁLIA
80801630042;II;Quantity Serviços e Comércio de Produtos para Saúde s/a;SHENZHEN UPCERA DENTAL TECHNOLOGY CO., LTD.;CHINA, REPÚBLICA POPULAR
80801630043;II;Quantity Serviços e Comércio de Produtos para Saúde s/a;SHENZHEN UPCERA DENTAL TECHNOLOGY CO., LTD.;CHINA, REPÚBLICA POPULAR
80801630044;II;Quantity Serviços e Comércio de Produtos para Saúde s/a;ORTHO ORGANIZERS, INC;ESTADOS UNIDOS DA AMÉRICA
80801630045;II;Quantity Serviços e Comércio de Produtos para Saúde s/a;ORTHO ORGANIZERS, INC;ESTADOS UNIDOS DA AMÉRICA
80801630046;II;Quantity Serviços e Comércio de Produtos para Saúde s/a;ORTHO ORGANIZERS, INC;ESTADOS UNIDOS DA AMÉRICA
80801630047;II;Quantity Serviços e Comércio de Produtos para Saúde s/a;CK DENTAL IND. CO., LTD;CORÉIA DO SUL
80801630049;II;Quantity Serviços e Comércio de Produtos para Saúde s/a;ORTHO ORGANIZERS INC.;ESTADOS UNIDOS DA AMÉRICA
80801630050;II;Quantity Serviços e Comércio de Produtos para Saúde s/a;ORTHO ORGANIZERS INC.;ESTADOS UNIDOS DA AMÉRICA
80801630051;II;Quantity Serviços e Comércio de Produtos para Saúde s/a;META BIOMED CO,. LTD.;CORÉIA DO SUL
80801630052;II;Quantity Serviços e Comércio de Produtos para Saúde s/a;ORTHO ORGANIZERS, INC;ESTADOS UNIDOS DA AMÉRICA
80801630053;II;Quantity Serviços e Comércio de Produtos para Saúde s/a;ORTHO ORGANIZERS, INC;ESTADOS UNIDOS DA AMÉRICA
80801630066;I;Quantity Serviços e Comércio de Produtos para Saúde s/a;SHENZHEN SUPERLINE TECHNOLOGY CO., LTD;CHINA, REPÚBLICA POPULAR
80801630068;I;Quantity Serviços e Comércio de Produtos para Saúde s/a;MEDISPOREX PVT LTD;PAQUISTÃO
80801630069;I;Quantity Serviços e Comércio de Produtos para Saúde s/a;DRYSHIELD, LLC;ESTADOS UNIDOS DA AMÉRICA
80801630070;I;Quantity Serviços e Comércio de Produtos para Saúde s/a;DRYSHIELD, LLC;ESTADOS UNIDOS DA AMÉRICA
80801630071;I;Quantity Serviços e Comércio de Produtos para Saúde s/a;DRYSHIELD, LLC;ESTADOS UNIDOS DA AMÉRICA
80801630072;I;Quantity Serviços e Comércio de Produtos para Saúde s/a;SRI TRANG GLOVES (THAILAND) PUBLIC COMPANY LIMITED;TAILÂNDIA, REINO DA
80801630073;I;Quantity Serviços e Comércio de Produtos para Saúde s/a;DRYSHIELD, LLC;ESTADOS UNIDOS DA AMÉRICA
80801630075;I;Quantity Serviços e Comércio de Produtos para Saúde s/a;BAM MEDICAL LTD;ISRAEL
80801630077;I;Quantity Serviços e Comércio de Produtos para Saúde s/a;MORSA WACHSWARENFABRIK SALLINGER GMBH;ALEMANHA
80801639001;I;Quantity Serviços e Comércio de Produtos para Saúde s/a;EURONDA - SPA;ITÁLIA
80801639002;II;Quantity Serviços e Comércio de Produtos para Saúde s/a;META BIOMED CO. LTD.;CORÉIA DO SUL
80801639003;II;Quantity Serviços e Comércio de Produtos para Saúde s/a;FORMLABS INC.;ESTADOS UNIDOS DA AMÉRICA
80801639005;II;Quantity Serviços e Comércio de Produtos para Saúde s/a;META BIOMED CO. LTD.;CORÉIA DO SUL
80801639006;II;Quantity Serviços e Comércio de Produtos para Saúde s/a;META BIOMED CO. LTD.;CORÉIA DO SUL
80801639008;II;Quantity Serviços e Comércio de Produtos para Saúde s/a;FORMLABS INC.;ESTADOS UNIDOS DA AMÉRICA
80801639009;II;Quantity Serviços e Comércio de Produtos para Saúde s/a;FORMLABS INC.;ESTADOS UNIDOS DA AMÉRICA
80801639010;II;Quantity Serviços e Comércio de Produtos para Saúde s/a;SURE DENT CORPORATION;CORÉIA DO SUL
80801639011;II;Quantity Serviços e Comércio de Produtos para Saúde s/a;SURE DENT CORPORATION;CORÉIA DO SUL
80801639014;II;Quantity Serviços e Comércio de Produtos para Saúde s/a;SHENZEN UPCERA DENTAL TECHNOLOGY CO LTD;CHINA, REPÚBLICA POPULAR
80801639015;II;Quantity Serviços e Comércio de Produtos para Saúde s/a;LIAONING UPCERA CO., LTD;CHINA, REPÚBLICA POPULAR
80801639016;II;Quantity Serviços e Comércio de Produtos para Saúde s/a;LIAONING UPCERA CO., LTD;CHINA, REPÚBLICA POPULAR
80638410001;I;QUANTUM - IMPORTACAO E DISTRIBUICAO DE PRODUTOS MEDICOS LTDA;Jiangsu Baide Medical Instrument CO.Ltd;CHINA, REPÚBLICA POPULAR
80638410002;I;QUANTUM - IMPORTACAO E DISTRIBUICAO DE PRODUTOS MEDICOS LTDA;Jiangsu Baide Medical Instrument CO.Ltd;CHINA, REPÚBLICA POPULAR
80638410003;I;QUANTUM - IMPORTACAO E DISTRIBUICAO DE PRODUTOS MEDICOS LTDA;Jiangsu Baide Medical Instrument CO.Ltd;CHINA, REPÚBLICA POPULAR
80638410004;I;QUANTUM - IMPORTACAO E DISTRIBUICAO DE PRODUTOS MEDICOS LTDA;LITOS GMBH;ALEMANHA
80638410005;I;QUANTUM - IMPORTACAO E DISTRIBUICAO DE PRODUTOS MEDICOS LTDA;LITOS GMBH;ALEMANHA
80638410006;I;QUANTUM - IMPORTACAO E DISTRIBUICAO DE PRODUTOS MEDICOS LTDA;LITOS GMBH;ALEMANHA
80638410007;I;QUANTUM - IMPORTACAO E DISTRIBUICAO DE PRODUTOS MEDICOS LTDA;LITOS GMBH;ALEMANHA
80638410008;I;QUANTUM - IMPORTACAO E DISTRIBUICAO DE PRODUTOS MEDICOS LTDA;LITOS GMBH;ALEMANHA
80638410009;I;QUANTUM - IMPORTACAO E DISTRIBUICAO DE PRODUTOS MEDICOS LTDA;Jiangsu Baide Medical Instrument CO.Ltd;CHINA, REPÚBLICA POPULAR
80638410010;I;QUANTUM - IMPORTACAO E DISTRIBUICAO DE PRODUTOS MEDICOS LTDA;Jiangsu Baide Medical Instrument CO.Ltd;CHINA, REPÚBLICA POPULAR
80638410014;II;QUANTUM - IMPORTACAO E DISTRIBUICAO DE PRODUTOS MEDICOS LTDA;SHANGAI XINSHENG PROTOELECTRIC TECHNOLOGY CO. LTD.;CHINA, REPÚBLICA POPULAR
80638410018;I;QUANTUM - IMPORTACAO E DISTRIBUICAO DE PRODUTOS MEDICOS LTDA;JIANGSU MEDPLUS NON-WOMEN MANUFACTURER CO. LTD.;CHINA, REPÚBLICA POPULAR
80638410020;I;QUANTUM - IMPORTACAO E DISTRIBUICAO DE PRODUTOS MEDICOS LTDA;JIANGSU MEDPLUS NON-WOMEN MANUFACTURER CO. LTD.;CHINA, REPÚBLICA POPULAR
80638410022;I;QUANTUM - IMPORTACAO E DISTRIBUICAO DE PRODUTOS MEDICOS LTDA;JIANGSU MEDPLUS NON - WOVEM MANUFACTURING CO., LTD;CHINA, REPÚBLICA POPULAR
80638410023;I;QUANTUM - IMPORTACAO E DISTRIBUICAO DE PRODUTOS MEDICOS LTDA;JIANGSU MEDPLUS NON - WOVEM MANUFACTURING CO., LTD;CHINA, REPÚBLICA POPULAR
80638410025;I;QUANTUM - IMPORTACAO E DISTRIBUICAO DE PRODUTOS MEDICOS LTDA;JIANGSU BAIDE MEDICAL INSTRUMENT CO LTDA;CHINA, REPÚBLICA POPULAR
80638410028;I;QUANTUM - IMPORTACAO E DISTRIBUICAO DE PRODUTOS MEDICOS LTDA;BETA SURGICARE PVT. LTD.;ÍNDIA
80638410030;I;QUANTUM - IMPORTACAO E DISTRIBUICAO DE PRODUTOS MEDICOS LTDA;Jiangsu Baide Medical Instrument CO.Ltd;CHINA, REPÚBLICA POPULAR
80638410031;I;QUANTUM - IMPORTACAO E DISTRIBUICAO DE PRODUTOS MEDICOS LTDA;Jiangsu Baide Medical Instrument CO.Ltd;CHINA, REPÚBLICA POPULAR
80638410032;II;QUANTUM - IMPORTACAO E DISTRIBUICAO DE PRODUTOS MEDICOS LTDA;Jiangsu Baide Medical Instrument CO.Ltd;CHINA, REPÚBLICA POPULAR
80638410033;I;QUANTUM - IMPORTACAO E DISTRIBUICAO DE PRODUTOS MEDICOS LTDA;Shangai Carefix Medical Instrument Co., Ltd.;CHINA, REPÚBLICA POPULAR
80638410035;I;QUANTUM - IMPORTACAO E DISTRIBUICAO DE PRODUTOS MEDICOS LTDA;BETA SURGICARE PVT. LTD.;ÍNDIA
80638410036;I;QUANTUM - IMPORTACAO E DISTRIBUICAO DE PRODUTOS MEDICOS LTDA;Shangai Carefix Medical Instrument Co., Ltd.;CHINA, REPÚBLICA POPULAR
80638410037;I;QUANTUM - IMPORTACAO E DISTRIBUICAO DE PRODUTOS MEDICOS LTDA;BETA SURGICARE PVT. LTD.;ÍNDIA
80638410038;I;QUANTUM - IMPORTACAO E DISTRIBUICAO DE PRODUTOS MEDICOS LTDA;Jiangsu Baide Medical Instrument CO.Ltd;CHINA, REPÚBLICA POPULAR
80638410039;I;QUANTUM - IMPORTACAO E DISTRIBUICAO DE PRODUTOS MEDICOS LTDA;Shangai Carefix Medical Instrument Co., Ltd.;CHINA, REPÚBLICA POPULAR
80638410040;I;QUANTUM - IMPORTACAO E DISTRIBUICAO DE PRODUTOS MEDICOS LTDA;BETA SURGICARE PVT. LTD.;ÍNDIA
80638410042;I;QUANTUM - IMPORTACAO E DISTRIBUICAO DE PRODUTOS MEDICOS LTDA;Jiangsu Baide Medical Instrument CO.Ltd;CHINA, REPÚBLICA POPULAR
80638410043;I;QUANTUM - IMPORTACAO E DISTRIBUICAO DE PRODUTOS MEDICOS LTDA;Paonan Biotech Co. Ltd;TAIWAN
80638410045;I;QUANTUM - IMPORTACAO E DISTRIBUICAO DE PRODUTOS MEDICOS LTDA;Vilex Inc.,;ESTADOS UNIDOS DA AMÉRICA
80638410046;I;QUANTUM - IMPORTACAO E DISTRIBUICAO DE PRODUTOS MEDICOS LTDA;BETA SURGICARE PVT. LTD.;ÍNDIA
80638410047;I;QUANTUM - IMPORTACAO E DISTRIBUICAO DE PRODUTOS MEDICOS LTDA;Vilex Inc.,;ESTADOS UNIDOS DA AMÉRICA
80638410049;I;QUANTUM - IMPORTACAO E DISTRIBUICAO DE PRODUTOS MEDICOS LTDA;Vilex Inc.,;ESTADOS UNIDOS DA AMÉRICA
80638410051;I;QUANTUM - IMPORTACAO E DISTRIBUICAO DE PRODUTOS MEDICOS LTDA;Paonan Biotech Co. Ltd;TAIWAN
80638410053;I;QUANTUM - IMPORTACAO E DISTRIBUICAO DE PRODUTOS MEDICOS LTDA;Paonan Biotech Co. Ltd;TAIWAN
80638410054;I;QUANTUM - IMPORTACAO E DISTRIBUICAO DE PRODUTOS MEDICOS LTDA;Jiangsu Baide Medical Instrument CO.Ltd;CHINA, REPÚBLICA POPULAR
80638410055;I;QUANTUM - IMPORTACAO E DISTRIBUICAO DE PRODUTOS MEDICOS LTDA;Jiangsu Baide Medical Instrument CO.Ltd;CHINA, REPÚBLICA POPULAR
80638410056;I;QUANTUM - IMPORTACAO E DISTRIBUICAO DE PRODUTOS MEDICOS LTDA;BETA SURGICARE PVT. LTD.;ÍNDIA
80638410057;I;QUANTUM - IMPORTACAO E DISTRIBUICAO DE PRODUTOS MEDICOS LTDA;Vilex Inc.,;ESTADOS UNIDOS DA AMÉRICA
80638410058;I;QUANTUM - IMPORTACAO E DISTRIBUICAO DE PRODUTOS MEDICOS LTDA;BETA SURGICARE PVT. LTD.;ÍNDIA
80638410062;I;QUANTUM - IMPORTACAO E DISTRIBUICAO DE PRODUTOS MEDICOS LTDA;Vilex Inc.,;ESTADOS UNIDOS DA AMÉRICA
80638410063;I;QUANTUM - IMPORTACAO E DISTRIBUICAO DE PRODUTOS MEDICOS LTDA;PEARL MIELTING INDUSTRIES;PAQUISTÃO
80638410065;III;QUANTUM - IMPORTACAO E DISTRIBUICAO DE PRODUTOS MEDICOS LTDA;;
80638410065;III;QUANTUM - IMPORTACAO E DISTRIBUICAO DE PRODUTOS MEDICOS LTDA;INNOVATIONS MEDICAL GMBH;ALEMANHA
80638410066;III;QUANTUM - IMPORTACAO E DISTRIBUICAO DE PRODUTOS MEDICOS LTDA;;
80638410066;III;QUANTUM - IMPORTACAO E DISTRIBUICAO DE PRODUTOS MEDICOS LTDA;INNOVATIONS MEDICAL GMBH;ALEMANHA
80638410069;III;QUANTUM - IMPORTACAO E DISTRIBUICAO DE PRODUTOS MEDICOS LTDA;;
80638410069;III;QUANTUM - IMPORTACAO E DISTRIBUICAO DE PRODUTOS MEDICOS LTDA;INNOVATIONS MEDICAL GMBH;ALEMANHA
80638410070;III;QUANTUM - IMPORTACAO E DISTRIBUICAO DE PRODUTOS MEDICOS LTDA;;
80638410070;III;QUANTUM - IMPORTACAO E DISTRIBUICAO DE PRODUTOS MEDICOS LTDA;INNOVATIONS MEDICAL GMBH;ALEMANHA
80638410076;III;QUANTUM - IMPORTACAO E DISTRIBUICAO DE PRODUTOS MEDICOS LTDA;;
80638410076;III;QUANTUM - IMPORTACAO E DISTRIBUICAO DE PRODUTOS MEDICOS LTDA;INNOVATIONS MEDICAL GMBH;ALEMANHA
80638410086;I;QUANTUM - IMPORTACAO E DISTRIBUICAO DE PRODUTOS MEDICOS LTDA;Vilex Inc.,;ESTADOS UNIDOS DA AMÉRICA
80638410087;I;QUANTUM - IMPORTACAO E DISTRIBUICAO DE PRODUTOS MEDICOS LTDA;JIANGSU BAIDE MEDICAL INSTRUMENT CO., LTD.;CHINA, REPÚBLICA POPULAR
80638410089;I;QUANTUM - IMPORTACAO E DISTRIBUICAO DE PRODUTOS MEDICOS LTDA;BEIJING WANJIE MEDICAL DEVICE COMPANY LTD;CHINA, REPÚBLICA POPULAR
80638410094;III;QUANTUM - IMPORTACAO E DISTRIBUICAO DE PRODUTOS MEDICOS LTDA;;
80638410094;III;QUANTUM - IMPORTACAO E DISTRIBUICAO DE PRODUTOS MEDICOS LTDA;SOUTH AMERICA IMPLANTS S.A.;ARGENTINA
80638410095;III;QUANTUM - IMPORTACAO E DISTRIBUICAO DE PRODUTOS MEDICOS LTDA;;
80638410095;III;QUANTUM - IMPORTACAO E DISTRIBUICAO DE PRODUTOS MEDICOS LTDA;SOUTH AMERICA IMPLANTS S.A.;ARGENTINA
80638410097;I;QUANTUM - IMPORTACAO E DISTRIBUICAO DE PRODUTOS MEDICOS LTDA;SHANGHAI CAREFIX MEDICAL INSTRUMENT CO.LTD;CHINA, REPÚBLICA POPULAR
80638419002;I;QUANTUM - IMPORTACAO E DISTRIBUICAO DE PRODUTOS MEDICOS LTDA;LITOS GMBH;ALEMANHA
82706959001;II;QUARTIUM COMERCIO E IMPORTACAO LTDA;ZIRDENT BIOTECHNOLOGY CO., LTD;CHINA, REPÚBLICA POPULAR
82706959002;II;QUARTIUM COMERCIO E IMPORTACAO LTDA;GERMAN SPECIAL ALLOYS GMBH;ALEMANHA
82706959003;II;QUARTIUM COMERCIO E IMPORTACAO LTDA;AUDENTAL BIO-MATERIAL CO., LTD.;CHINA, REPÚBLICA POPULAR
82706959004;II;QUARTIUM COMERCIO E IMPORTACAO LTDA;AUDENTAL BIO-MATERIAL CO., LTD.;CHINA, REPÚBLICA POPULAR
82706959005;II;QUARTIUM COMERCIO E IMPORTACAO LTDA;AUDENTAL BIO-MATERIAL CO., LTD.;CHINA, REPÚBLICA POPULAR
82641530001;I;QUATTRO DO BRASIL COMERCIO, DISTRIBUICAO IMPORTACAO E EXPORTACAO DE MATERIAIS HOSPITALARES LTDA;QUATTRO DO BRASIL COMERCIO, DISTRIBUICAO IMPORTACAO E EXPORTACAO DE MATERIAIS HOSPITALARES LTDA;BRASIL
82641530002;I;QUATTRO DO BRASIL COMERCIO, DISTRIBUICAO IMPORTACAO E EXPORTACAO DE MATERIAIS HOSPITALARES LTDA;QUATTRO DO BRASIL COMERCIO, DISTRIBUICAO IMPORTACAO E EXPORTACAO DE MATERIAIS HOSPITALARES LTDA;BRASIL
82641539001;II;QUATTRO DO BRASIL COMERCIO, DISTRIBUICAO IMPORTACAO E EXPORTACAO DE MATERIAIS HOSPITALARES LTDA;REACT TECHNOLOGY INDUSTRIA COMERCIO IMPORTACAO E EXPORTACAO DE PRODUTOS MEDICOS E HOSPITALARES LTDA;BRASIL
82641539002;II;QUATTRO DO BRASIL COMERCIO, DISTRIBUICAO IMPORTACAO E EXPORTACAO DE MATERIAIS HOSPITALARES LTDA;REACT TECHNOLOGY INDUSTRIA COMERCIO IMPORTACAO E EXPORTACAO DE PRODUTOS MEDICOS E HOSPITALARES LTDA;BRASIL
82641539003;II;QUATTRO DO BRASIL COMERCIO, DISTRIBUICAO IMPORTACAO E EXPORTACAO DE MATERIAIS HOSPITALARES LTDA;REACT TECHNOLOGY INDUSTRIA COMERCIO IMPORTACAO E EXPORTACAO DE PRODUTOS MEDICOS E HOSPITALARES LTDA;BRASIL
82641539004;II;QUATTRO DO BRASIL COMERCIO, DISTRIBUICAO IMPORTACAO E EXPORTACAO DE MATERIAIS HOSPITALARES LTDA;REACT TECHNOLOGY INDUSTRIA COMERCIO IMPORTACAO E EXPORTACAO DE PRODUTOS MEDICOS E HOSPITALARES LTDA;BRASIL
82641539005;II;QUATTRO DO BRASIL COMERCIO, DISTRIBUICAO IMPORTACAO E EXPORTACAO DE MATERIAIS HOSPITALARES LTDA;REACT TECHNOLOGY INDUSTRIA COMERCIO IMPORTACAO E EXPORTACAO DE PRODUTOS MEDICOS E HOSPITALARES LTDA;BRASIL
10269360315;II;QUIBASA - QUIMICA BASICA LTDA;NINGBO MEDSUN MEDICAL CO;CHINA, REPÚBLICA POPULAR
10165590009;II;QUIMIDROL COMERCIO INDUSTRIA IMPORTACAO LTDA;;
10165590012;II;QUIMIDROL COMERCIO INDUSTRIA IMPORTACAO LTDA;QUIMIDROL COMERCIO INDUSTRIA IMPORTACAO LTDA;BRASIL
10165590014;II;QUIMIDROL COMERCIO INDUSTRIA IMPORTACAO LTDA;QUIMIDROL COMERCIO INDUSTRIA IMPORTACAO LTDA;BRASIL
10165590015;II;QUIMIDROL COMERCIO INDUSTRIA IMPORTACAO LTDA;QUIMIDROL COMERCIO INDUSTRIA IMPORTACAO LTDA;BRASIL
80666970001;II;QUIMIDROL COMERCIO INDUSTRIA IMPORTACAO LTDA;SANCTUARY DENTAL BY SANCTUARY HEALTH SDN BHD;MALÁSIA
80666970005;II;QUIMIDROL COMERCIO INDUSTRIA IMPORTACAO LTDA;JOTA AG;SUÍÇA
80666970019;I;QUIMIDROL COMERCIO INDUSTRIA IMPORTACAO LTDA;DiaDent Group International;CORÉIA DO SUL
80666970022;II;QUIMIDROL COMERCIO INDUSTRIA IMPORTACAO LTDA;DiaDent Group International;CORÉIA DO SUL
80666970034;I;QUIMIDROL COMERCIO INDUSTRIA IMPORTACAO LTDA;QUIMIDROL COMERCIO INDUSTRIA IMPORTACAO LTDA;BRASIL
80666970035;I;QUIMIDROL COMERCIO INDUSTRIA IMPORTACAO LTDA;QUIMIDROL COMERCIO INDUSTRIA IMPORTACAO LTDA;BRASIL
80666970037;I;QUIMIDROL COMERCIO INDUSTRIA IMPORTACAO LTDA;QUIMIDROL COMERCIO INDUSTRIA IMPORTACAO LTDA;BRASIL
80666970038;I;QUIMIDROL COMERCIO INDUSTRIA IMPORTACAO LTDA;QUIMIDROL COMERCIO INDUSTRIA IMPORTACAO LTDA;BRASIL
80666979002;II;QUIMIDROL COMERCIO INDUSTRIA IMPORTACAO LTDA;QUIMIDROL COMERCIO INDUSTRIA IMPORTACAO LTDA;BRASIL
80666979005;II;QUIMIDROL COMERCIO INDUSTRIA IMPORTACAO LTDA;UNITED DENTAL CHANGZHOU;CHINA, REPÚBLICA POPULAR
80666979006;II;QUIMIDROL COMERCIO INDUSTRIA IMPORTACAO LTDA;DIADENT GROUP INTERNATIONAL;CORÉIA DO SUL
80666979009;II;QUIMIDROL COMERCIO INDUSTRIA IMPORTACAO LTDA;QUIMIDROL COMERCIO INDUSTRIA IMPORTACAO LTDA;BRASIL
